detenteur,no permis
2866-1767 Québec Inc. (IRCAE),2024-0027
6358098 Golf exécutif  Montréal,2024-0017
9005-665 Québec Inc. Eliminex 3000,2024-0034
9187-4230 Québec Inc.,2024-0026
9323-0977 Québec Inc.,2024-0049
9326-2384 Québec Inc. (Pro Green),2024-0055
9335-9404 Quebec inc.-Mission Extermination,2024-0067
A à Z services extermination inc.,2024-0104
ABC Solution parasitaire ,2024-0033
Abell Pest Control Inc.,2024-0004
Abiosphere Extermination,2024-0041
Abrevert,2024-0053
AJS Extermination Inc.,2024-0019
Aménagement Paysager Uni-Vert,2024-0028
Arboris Inc.,2024-0086
Arrelle Extermination,2024-0044
Astro Extermination,2024-0008
Bio-Controle Arboricole Inc.,2024-0023
Central Extermination,2024-0037
Club de golf Elm Ridge inc.,2024-0051
Club de golf Meadowbrook Ltée,2024-0095
Club de golf Méropolitain Anjou Inc.,2024-0005
Club Golf de l Ile de Montreal (2004) inc,2024-0079
Complexe de soccer Saputo,2024-0075
Contrôle X Solutions de Parasites (9349-9283 Québec Inc.),2024-0102
EcoBalance (9227-5379 Québec inc.) ,2024-0101
Ecolab Co.,2024-0025
Élagage M.C. Inc.,2024-0085
Entreprise Vert et Blanc SB inc.,2024-0050
Entreprises d'extermination Maheu Ltée,2024-0003
Entretien McGill Inc.,2024-0018
Entretien Professionnel S. G. Inc,2024-0090
Experasitaire (Daniel Bujold),2024-0006
Experts Verts,2024-0054
Extermi Pro Inc.,2024-0077
Exterminapro Inc.,2024-0087
Exterminatek,2024-0039
Exterminateurs Associés MG inc.,2024-0059
Extermination 4 AS Inc,2024-0091
Extermination complete Bugs inc,2024-0029
Extermination Gagné,2024-0045
Extermination Innovex -9387-8833 Inc.,2024-0032
Extermination InspeX inc.,2024-0069
Extermination Jocelyn Robert,2024-0061
Extermination Lasalle Inc.,2024-0024
Extermination PB,2024-0080
Extermination SM,2024-0013
Extermination Techni Bec,2024-0046
Faunex,2024-0065
Fext Gestion Parasitaire ,2024-0038
Gestion parasitaire du Québec,2024-0068
Gestion Parasitaire FC Inc,2024-0106
Gestion Parasitaire FJ,2024-0074
Gilles Maltais (Terminator),2024-0093
Golf Saint-Raphael,2024-0036
Goupe Peace of Mind,2024-0107
Gregoire gestion parasitaires,2024-0007
Groupe Arbo Ressources Inc.,2024-0020
Groupe C'est Vert Inc (cVert),2024-0082
Groupe Club Gazon ,2024-0052
Groupe DP Extermination Inc.,2024-0047
Groupe Nicky,2024-0030
Groupe Solutions X inc.,2024-0094
Groupe Vegeco Inc.,2024-0089
Groupe VermExt Inc. (9485-3801 Québec inc.),2024-0103
Groupe Vivarium,2024-0071
Insight Pest Solutions Qc Corp.,2024-0012
Jardin Idéal,2024-0063
Jesse & James Extermination,2024-0031
Les entreprises forestières Amtech (9013-9163 Québec inc.),2024-0098
Les Entreprises Marc Leduc,2024-0062
Les Verdures Riopelle,2024-0084
M Mtl Extermination,2024-0021
M.Gazon 9285-4488 Québec Inc.,2024-0070
Ma chambre Inc.,2024-0088
Maheu&Maheu gestion parasitaire,2024-0057
Marc Cote,2024-0066
MBM Extermination Inc.,2024-0048
Nutrite pelouse Ideale,2024-0060
Oakes Entretien (9331-4938 Québec Inc.),2024-0083
Orkin Canada,2024-0001
Paysager Summit Inc.,2024-0108
Pelouse Herbu,2024-0014
Pépinière Jasmin,2024-0035
Pierre Junior Dulong (Le Piegeur Urban),2024-0100
RMB Extermination inc.,2024-0058
Samir Acene (Services Bioverts),2024-0097
Services d'entretien de pelouses Pousse Vert,2024-0015
Services d'extermination Mont-Royal,2024-0042
Services ÉcoGazon Inc.,2024-0096
Services Extermination S-D. inc. (Les),2024-0002
Simone Bellucci (Paysagiste Bellucci),2024-0099
Solution Cimex,2024-0022
Steve Mitchell,2024-0105
Strathmore Entrepreneurs paysagiste ,2024-0056
Sylfor Inc.,2024-0081
Syndicat des Copropiétaires de Tropiques Nord,2024-0016
Terminix Canada,2024-0072
The royal Montreal Golf Club,2024-0009
Tour Est Inc.,2024-0092
Trugreen Espaces verts ,2024-0011
Vert par Experts Inc,2024-0078
Vertdure & V-Extermination,2024-0043
Vertdure Laval 9070-0584 Québec inc.,2024-0073
Vision Gazon,2024-0076
Weed Man,2024-0064
Yves Surprenant,2024-0010
Zap Gestion Parasitaire,2024-0040
