ï»¿id_action,action,categorie_beneficiaire_action
1011.0101,"1.1.1.1a. Appuyer l'Ã©lectrification des vÃ©hicules lÃ©gers - Ãlectrification des automobiles et motocyclettes - Rabais Ã  l'achat (Roulez Vert)","Entreprises (grandes entreprises)"
1011.0101,"1.1.1.1a. Appuyer l'Ã©lectrification des vÃ©hicules lÃ©gers - Ãlectrification des automobiles et motocyclettes - Rabais Ã  l'achat (Roulez Vert)","Entreprises (petites ou moyennes entreprises)"
1011.0101,"1.1.1.1a. Appuyer l'Ã©lectrification des vÃ©hicules lÃ©gers - Ãlectrification des automobiles et motocyclettes - Rabais Ã  l'achat (Roulez Vert)","Milieu municipal"
1011.0101,"1.1.1.1a. Appuyer l'Ã©lectrification des vÃ©hicules lÃ©gers - Ãlectrification des automobiles et motocyclettes - Rabais Ã  l'achat (Roulez Vert)","Organismes Ã  but non lucratif"
1011.0101,"1.1.1.1a. Appuyer l'Ã©lectrification des vÃ©hicules lÃ©gers - Ãlectrification des automobiles et motocyclettes - Rabais Ã  l'achat (Roulez Vert)","Citoyens"
1011.0103,"1.1.1.1b. Appuyer l'Ã©lectrification des vÃ©hicules lÃ©gers - Ãlectrification des taxis","Entreprises (petites ou moyennes entreprises)"
1011.0103,"1.1.1.1b. Appuyer l'Ã©lectrification des vÃ©hicules lÃ©gers - Ãlectrification des taxis","Entreprises (grandes entreprises)"
1011.0103,"1.1.1.1b. Appuyer l'Ã©lectrification des vÃ©hicules lÃ©gers - Ãlectrification des taxis","Milieu municipal"
1011.0103,"1.1.1.1b. Appuyer l'Ã©lectrification des vÃ©hicules lÃ©gers - Ãlectrification des taxis","Citoyens"
1011.0201,"1.1.1.2a. Appuyer lâimplantation de bornes dans les rÃ©sidences, les entreprises et sur le rÃ©seau routier - Bornes de recharge Ã  domicile (Roulez vert)","Milieu municipal"
1011.0201,"1.1.1.2a. Appuyer lâimplantation de bornes dans les rÃ©sidences, les entreprises et sur le rÃ©seau routier - Bornes de recharge Ã  domicile (Roulez vert)","Organismes Ã  but non lucratif"
1011.0201,"1.1.1.2a. Appuyer lâimplantation de bornes dans les rÃ©sidences, les entreprises et sur le rÃ©seau routier - Bornes de recharge Ã  domicile (Roulez vert)","Entreprises (grandes entreprises)"
1011.0201,"1.1.1.2a. Appuyer lâimplantation de bornes dans les rÃ©sidences, les entreprises et sur le rÃ©seau routier - Bornes de recharge Ã  domicile (Roulez vert)","Citoyens"
1011.0201,"1.1.1.2a. Appuyer lâimplantation de bornes dans les rÃ©sidences, les entreprises et sur le rÃ©seau routier - Bornes de recharge Ã  domicile (Roulez vert)","Entreprises (petites ou moyennes entreprises)"
1011.0203,"1.1.1.2b. Appuyer lâimplantation de bornes dans les rÃ©sidences, les entreprises et sur le rÃ©seau routier - Bornes de recharge multilogement (Roulez vert)","Citoyens"
1011.0203,"1.1.1.2b. Appuyer lâimplantation de bornes dans les rÃ©sidences, les entreprises et sur le rÃ©seau routier - Bornes de recharge multilogement (Roulez vert)","Entreprises (petites ou moyennes entreprises)"
1011.0203,"1.1.1.2b. Appuyer lâimplantation de bornes dans les rÃ©sidences, les entreprises et sur le rÃ©seau routier - Bornes de recharge multilogement (Roulez vert)","Milieu municipal"
1011.0203,"1.1.1.2b. Appuyer lâimplantation de bornes dans les rÃ©sidences, les entreprises et sur le rÃ©seau routier - Bornes de recharge multilogement (Roulez vert)","Entreprises (grandes entreprises)"
1011.0203,"1.1.1.2b. Appuyer lâimplantation de bornes dans les rÃ©sidences, les entreprises et sur le rÃ©seau routier - Bornes de recharge multilogement (Roulez vert)","Organismes Ã  but non lucratif"
1011.0203,"1.1.1.2b. Appuyer lâimplantation de bornes dans les rÃ©sidences, les entreprises et sur le rÃ©seau routier - Bornes de recharge multilogement (Roulez vert)","Syndicats de copropriÃ©tÃ©"
1011.0205,"1.1.1.2c. Appuyer lâimplantation de bornes dans les rÃ©sidences, les entreprises et sur le rÃ©seau routier - Bornes de recharge au travail (Roulez vert)","Organismes Ã  but non lucratif"
1011.0205,"1.1.1.2c. Appuyer lâimplantation de bornes dans les rÃ©sidences, les entreprises et sur le rÃ©seau routier - Bornes de recharge au travail (Roulez vert)","Entreprises (grandes entreprises)"
1011.0205,"1.1.1.2c. Appuyer lâimplantation de bornes dans les rÃ©sidences, les entreprises et sur le rÃ©seau routier - Bornes de recharge au travail (Roulez vert)","Entreprises (petites ou moyennes entreprises)"
1011.0205,"1.1.1.2c. Appuyer lâimplantation de bornes dans les rÃ©sidences, les entreprises et sur le rÃ©seau routier - Bornes de recharge au travail (Roulez vert)","Milieu municipal"
1011.0209,"1.1.1.2e. Appuyer lâimplantation de bornes dans les rÃ©sidences, les entreprises et sur le rÃ©seau routier - Bornes de recharge sur route et hors rÃ©seau","Milieu municipal"
1011.0209,"1.1.1.2e. Appuyer lâimplantation de bornes dans les rÃ©sidences, les entreprises et sur le rÃ©seau routier - Bornes de recharge sur route et hors rÃ©seau","MinistÃ¨res et organismes gouvernementaux"
1011.0211,"1.1.1.2f. Appuyer l'implantation des bornes dans les rÃ©sidences, les entreprises et sur le rÃ©seau routier - Appui Ã  l'implantation  de BRCC et de bornes de niveau 2","Entreprises (grandes entreprises)"
1011.0211,"1.1.1.2f. Appuyer l'implantation des bornes dans les rÃ©sidences, les entreprises et sur le rÃ©seau routier - Appui Ã  l'implantation  de BRCC et de bornes de niveau 2","Entreprises (petites ou moyennes entreprises)"
1011.0211,"1.1.1.2f. Appuyer l'implantation des bornes dans les rÃ©sidences, les entreprises et sur le rÃ©seau routier - Appui Ã  l'implantation  de BRCC et de bornes de niveau 2","Hydro-QuÃ©bec"
1011.0401,"1.1.1.4a. Appuyer l'Ã©lectrification des autobus urbains","Milieu municipal"
1011.0401,"1.1.1.4a. Appuyer l'Ã©lectrification des autobus urbains","Entreprises (petites ou moyennes entreprises)"
1011.0401,"1.1.1.4a. Appuyer l'Ã©lectrification des autobus urbains","Entreprises (grandes entreprises)"
1011.0401,"1.1.1.4a. Appuyer l'Ã©lectrification des autobus urbains","Les sociÃ©tÃ©s de transport en commun"
1011.0401,"1.1.1.4a. Appuyer l'Ã©lectrification des autobus urbains","EXO, le rÃ©seau de transport mÃ©tropolitain"
1011.0403,"1.1.1.4b. Appuyer l'Ã©lectrification des autobus scolaires","Transporteurs scolaires Ã  contrat"
1011.0403,"1.1.1.4b. Appuyer l'Ã©lectrification des autobus scolaires","Centre de services scolaires"
1011.0403,"1.1.1.4b. Appuyer l'Ã©lectrification des autobus scolaires","Ãtablissements d'enseignement privÃ©"
1011.0403,"1.1.1.4b. Appuyer l'Ã©lectrification des autobus scolaires","Entreprises propriÃ©taires d'installations fournissant un service de recharge"
1011.0403,"1.1.1.4b. Appuyer l'Ã©lectrification des autobus scolaires","Entreprises (petites ou moyennes entreprises)"
1011.0405,"1.1.1.4c. Appuyer l'Ã©lectrification des autobus interurbains et privÃ©s","Entreprises (petites ou moyennes entreprises)"
1011.0405,"1.1.1.4c. Appuyer l'Ã©lectrification des autobus interurbains et privÃ©s","Entreprises (grandes entreprises)"
1011.0405,"1.1.1.4c. Appuyer l'Ã©lectrification des autobus interurbains et privÃ©s","Organismes Ã  but non lucratif"
1012.0101,"1.1.2.1a. Appuyer lâÃ©lectrification, l'efficacitÃ© et la conversion vers des carburants moins Ã©metteurs de gaz Ã  effet de serre (GES) dans les secteurs ferroviaire et maritime et dans celui du camionnage - Ãcocamionnage","Milieu municipal"
1012.0101,"1.1.2.1a. Appuyer lâÃ©lectrification, l'efficacitÃ© et la conversion vers des carburants moins Ã©metteurs de gaz Ã  effet de serre (GES) dans les secteurs ferroviaire et maritime et dans celui du camionnage - Ãcocamionnage","Entreprises (petites ou moyennes entreprises)"
1012.0101,"1.1.2.1a. Appuyer lâÃ©lectrification, l'efficacitÃ© et la conversion vers des carburants moins Ã©metteurs de gaz Ã  effet de serre (GES) dans les secteurs ferroviaire et maritime et dans celui du camionnage - Ãcocamionnage","Entreprises (grandes entreprises)"
1012.0101,"1.1.2.1a. Appuyer lâÃ©lectrification, l'efficacitÃ© et la conversion vers des carburants moins Ã©metteurs de gaz Ã  effet de serre (GES) dans les secteurs ferroviaire et maritime et dans celui du camionnage - Ãcocamionnage","Organismes Ã  but non lucratif"
1012.0103,"1.1.2.1b. Appuyer lâÃ©lectrification, l'efficacitÃ© et la conversion vers des carburants moins Ã©metteurs de gaz Ã  effet de serre (GES) dans les secteurs ferroviaire et maritime et dans celui du camionnage - Transportez-vert","Entreprises (grandes entreprises)"
1012.0103,"1.1.2.1b. Appuyer lâÃ©lectrification, l'efficacitÃ© et la conversion vers des carburants moins Ã©metteurs de gaz Ã  effet de serre (GES) dans les secteurs ferroviaire et maritime et dans celui du camionnage - Transportez-vert","Entreprises (petites ou moyennes entreprises)"
1012.0103,"1.1.2.1b. Appuyer lâÃ©lectrification, l'efficacitÃ© et la conversion vers des carburants moins Ã©metteurs de gaz Ã  effet de serre (GES) dans les secteurs ferroviaire et maritime et dans celui du camionnage - Transportez-vert","Milieu municipal"
1012.0103,"1.1.2.1b. Appuyer lâÃ©lectrification, l'efficacitÃ© et la conversion vers des carburants moins Ã©metteurs de gaz Ã  effet de serre (GES) dans les secteurs ferroviaire et maritime et dans celui du camionnage - Transportez-vert","Organismes Ã  but non lucratif"
1012.0105,"1.1.2.1c. Appuyer lâÃ©lectrification, l'efficacitÃ© et la conversion vers des carburants moins Ã©metteurs de gaz Ã  effet de serre (GES)  - Programme dâaide gouvernementale Ã  lâamÃ©lioration de lâefficacitÃ© du transport maritime, aÃ©rien et ferroviaire (PETMAF)","Administrations portuaires"
1012.0105,"1.1.2.1c. Appuyer lâÃ©lectrification, l'efficacitÃ© et la conversion vers des carburants moins Ã©metteurs de gaz Ã  effet de serre (GES)  - Programme dâaide gouvernementale Ã  lâamÃ©lioration de lâefficacitÃ© du transport maritime, aÃ©rien et ferroviaire (PETMAF)","Entreprises (grandes entreprises)"
1012.0105,"1.1.2.1c. Appuyer lâÃ©lectrification, l'efficacitÃ© et la conversion vers des carburants moins Ã©metteurs de gaz Ã  effet de serre (GES)  - Programme dâaide gouvernementale Ã  lâamÃ©lioration de lâefficacitÃ© du transport maritime, aÃ©rien et ferroviaire (PETMAF)","Entreprises (petites ou moyennes entreprises)"
1012.0105,"1.1.2.1c. Appuyer lâÃ©lectrification, l'efficacitÃ© et la conversion vers des carburants moins Ã©metteurs de gaz Ã  effet de serre (GES)  - Programme dâaide gouvernementale Ã  lâamÃ©lioration de lâefficacitÃ© du transport maritime, aÃ©rien et ferroviaire (PETMAF)","Milieu municipal"
1012.0105,"1.1.2.1c. Appuyer lâÃ©lectrification, l'efficacitÃ© et la conversion vers des carburants moins Ã©metteurs de gaz Ã  effet de serre (GES)  - Programme dâaide gouvernementale Ã  lâamÃ©lioration de lâefficacitÃ© du transport maritime, aÃ©rien et ferroviaire (PETMAF)","Organismes Ã  but non lucratif"
1012.0107,"1.1.2.1d. Appuyer lâÃ©lectrification, l'efficacitÃ© et la conversion vers des carburants moins Ã©metteurs de gaz Ã  effet de serre (GES)  - AccÃ©lÃ©rer l'implantation de recharge publique pour le transport lourd le long des principaux axes routiers","MinistÃ¨res et organismes gouvernementaux"
1013.01,"1.1.3.1. Simplifier et bonifier les aides financiÃ¨res offertes pour les bornes de recharge Ã  domicile et les dans entreprises","CommunautÃ©s autochtones"
1013.01,"1.1.3.1. Simplifier et bonifier les aides financiÃ¨res offertes pour les bornes de recharge Ã  domicile et les dans entreprises","Entreprises (grandes entreprises)"
1013.01,"1.1.3.1. Simplifier et bonifier les aides financiÃ¨res offertes pour les bornes de recharge Ã  domicile et les dans entreprises","Entreprises (petites ou moyennes entreprises)"
1013.01,"1.1.3.1. Simplifier et bonifier les aides financiÃ¨res offertes pour les bornes de recharge Ã  domicile et les dans entreprises","Milieu municipal"
1013.01,"1.1.3.1. Simplifier et bonifier les aides financiÃ¨res offertes pour les bornes de recharge Ã  domicile et les dans entreprises","OBNL"
1013.01,"1.1.3.1. Simplifier et bonifier les aides financiÃ¨res offertes pour les bornes de recharge Ã  domicile et les dans entreprises","Citoyens"
1013.04,"1.1.3.4. Appuyer l'Ã©lectrification des vÃ©hicules dâurgence et autres vÃ©hicules","Entreprises (petites ou moyennes entreprises)"
1013.04,"1.1.3.4. Appuyer l'Ã©lectrification des vÃ©hicules dâurgence et autres vÃ©hicules","Entreprises (grandes entreprises)"
1021.0201,"1.2.1.2a. AccroÃ®tre l'offre de services de transport collectif  - Programme d'aide au dÃ©veloppement du transport collectif (PADTC - offre de service)","Milieu municipal"
1021.0201,"1.2.1.2a. AccroÃ®tre l'offre de services de transport collectif  - Programme d'aide au dÃ©veloppement du transport collectif (PADTC - offre de service)","Entreprises (petites ou moyennes entreprises)"
1021.0201,"1.2.1.2a. AccroÃ®tre l'offre de services de transport collectif  - Programme d'aide au dÃ©veloppement du transport collectif (PADTC - offre de service)","Entreprises (grandes entreprises)"
1021.0201,"1.2.1.2a. AccroÃ®tre l'offre de services de transport collectif  - Programme d'aide au dÃ©veloppement du transport collectif (PADTC - offre de service)","Organismes Ã  but non lucratif"
1021.03,"1.2.1.3. DÃ©velopper le transport actif en milieu urbanisÃ©","Milieu municipal"
1021.03,"1.2.1.3. DÃ©velopper le transport actif en milieu urbanisÃ©","CommunautÃ©s autochtones"
1021.03,"1.2.1.3. DÃ©velopper le transport actif en milieu urbanisÃ©","Entreprises (petites ou moyennes entreprises)"
1021.03,"1.2.1.3. DÃ©velopper le transport actif en milieu urbanisÃ©","Organismes Ã  but non lucratif"
1021.04,"1.2.1.4. Soutenir le dÃ©veloppement de la mobilitÃ© partagÃ©e","Milieu municipal"
1021.04,"1.2.1.4. Soutenir le dÃ©veloppement de la mobilitÃ© partagÃ©e","Organismes Ã  but non lucratif"
1031.02,"1.3.1.2. RÃ©habiliter des terrains contaminÃ©s pour crÃ©er des conditions favorables Ã  la densification - ClimatSol-Plus","Citoyens"
1031.02,"1.3.1.2. RÃ©habiliter des terrains contaminÃ©s pour crÃ©er des conditions favorables Ã  la densification - ClimatSol-Plus","Entreprises (grandes entreprises)"
1031.02,"1.3.1.2. RÃ©habiliter des terrains contaminÃ©s pour crÃ©er des conditions favorables Ã  la densification - ClimatSol-Plus","Entreprises (petites ou moyennes entreprises)"
1031.02,"1.3.1.2. RÃ©habiliter des terrains contaminÃ©s pour crÃ©er des conditions favorables Ã  la densification - ClimatSol-Plus","Milieu municipal"
1031.02,"1.3.1.2. RÃ©habiliter des terrains contaminÃ©s pour crÃ©er des conditions favorables Ã  la densification - ClimatSol-Plus","Organismes Ã  but non lucratif"
1032.01,"1.3.2.1. Appuyer les entreprises dans la mise en place du tÃ©lÃ©travail","Entreprises (petites ou moyennes entreprises)"
1041.01,"1.4.1.1. DÃ©finir lâallocation gratuite post- 2023, dans le cadre du SPEDE","Entreprises (grands Ã©metteurs)"
1041.02,"1.4.1.2. Mettre en place une mesure d'aide transitoire pour la dÃ©carbonisation du secteur industriel quÃ©bÃ©cois","Entreprises (grands Ã©metteurs)"
1041.03,"1.4.1.3. Mettre en place un nouveau mÃ©canisme dâappui Ã  la dÃ©carbonisation pour les grands Ã©metteurs en lien avec la diminution des allocations gratuites du SPEDE, dÃ¨s 2024","Entreprises (grands Ã©metteurs)"
1041.04,"1.4.1.4. Instaurer un groupe dâintervention GES pour les grands Ã©metteurs","MinistÃ¨res et organismes gouvernementaux"
1042.0101,"1.4.2.1a. Appuyer la rÃ©alisation de projets en efficacitÃ© Ã©nergÃ©tique et en conversion Ã©nergÃ©tique - Programme ÃcoPerformance Industrie (standard)","Milieu municipal"
1042.0101,"1.4.2.1a. Appuyer la rÃ©alisation de projets en efficacitÃ© Ã©nergÃ©tique et en conversion Ã©nergÃ©tique - Programme ÃcoPerformance Industrie (standard)","Entreprises (petites ou moyennes entreprises)"
1042.0101,"1.4.2.1a. Appuyer la rÃ©alisation de projets en efficacitÃ© Ã©nergÃ©tique et en conversion Ã©nergÃ©tique - Programme ÃcoPerformance Industrie (standard)","Entreprises (grandes entreprises)"
1042.0101,"1.4.2.1a. Appuyer la rÃ©alisation de projets en efficacitÃ© Ã©nergÃ©tique et en conversion Ã©nergÃ©tique - Programme ÃcoPerformance Industrie (standard)","Organismes Ã  but non lucratif"
1042.0103,"1.4.2.1b. Appuyer la rÃ©alisation de projets en efficacitÃ© Ã©nergÃ©tique et en conversion Ã©nergÃ©tique - ÃcoPerformance (Grands Ãmetteurs)","Entreprises (grands Ã©metteurs)"
1042.0105,"1.4.2.1c. Appuyer la rÃ©alisation de projets en efficacitÃ© Ã©nergÃ©tique et en conversion Ã©nergÃ©tique - Programme BioÃ©nergies (standard)","Entreprises (grandes entreprises)"
1042.0105,"1.4.2.1c. Appuyer la rÃ©alisation de projets en efficacitÃ© Ã©nergÃ©tique et en conversion Ã©nergÃ©tique - Programme BioÃ©nergies (standard)","Entreprises (petites ou moyennes entreprises)"
1042.0105,"1.4.2.1c. Appuyer la rÃ©alisation de projets en efficacitÃ© Ã©nergÃ©tique et en conversion Ã©nergÃ©tique - Programme BioÃ©nergies (standard)","Milieu municipal"
1042.0105,"1.4.2.1c. Appuyer la rÃ©alisation de projets en efficacitÃ© Ã©nergÃ©tique et en conversion Ã©nergÃ©tique - Programme BioÃ©nergies (standard)","Organismes Ã  but non lucratif"
1042.02,"1.4.2.2. Lancer un dÃ©fi GES pour les grands Ã©metteurs industrielsÂ (appel Ã  projets)","Entreprises (grands Ã©metteurs)"
1051.01,"1.5.1.1. Soutenir la R-D dans le secteur industriel - Technoclimat (Grande Industrie)","Entreprises (petites ou moyennes entreprises)"
1051.01,"1.5.1.1. Soutenir la R-D dans le secteur industriel - Technoclimat (Grande Industrie)","Entreprises (grandes entreprises)"
1051.01,"1.5.1.1. Soutenir la R-D dans le secteur industriel - Technoclimat (Grande Industrie)","Entreprises (grands Ã©metteurs)"
1051.01,"1.5.1.1. Soutenir la R-D dans le secteur industriel - Technoclimat (Grande Industrie)","Organismes Ã  but non lucratif"
1051.02,"1.5.1.2. Soutenir la R&D et la mise Ã  lâessai de technologies de rupture pour rÃ©duire les Ã©missions des procÃ©dÃ©s industriels ou sÃ©questrer chimiquement ou gÃ©ologiquement le carbone","Milieu de la recherche scientifique"
1051.02,"1.5.1.2. Soutenir la R&D et la mise Ã  lâessai de technologies de rupture pour rÃ©duire les Ã©missions des procÃ©dÃ©s industriels ou sÃ©questrer chimiquement ou gÃ©ologiquement le carbone","Entreprises (grands Ã©metteurs)"
1061.01,"1.6.1.1. Soutenir la rÃ©cupÃ©ration et la valorisation de la chaleur","Producteurs serricoles"
1061.01,"1.6.1.1. Soutenir la rÃ©cupÃ©ration et la valorisation de la chaleur","CommunautÃ©s autochtones"
1061.01,"1.6.1.1. Soutenir la rÃ©cupÃ©ration et la valorisation de la chaleur","Entreprises (grandes entreprises)"
1061.01,"1.6.1.1. Soutenir la rÃ©cupÃ©ration et la valorisation de la chaleur","Entreprises (grands Ã©metteurs)"
1061.01,"1.6.1.1. Soutenir la rÃ©cupÃ©ration et la valorisation de la chaleur","Milieu municipal"
1061.01,"1.6.1.1. Soutenir la rÃ©cupÃ©ration et la valorisation de la chaleur","MinistÃ¨res et organismes gouvernementaux"
1061.01,"1.6.1.1. Soutenir la rÃ©cupÃ©ration et la valorisation de la chaleur","Promoteurs immobiliers"
1062.01,"1.6.2.1. Soutenir la conversion vers lâÃ©lectricitÃ© dans les bÃ¢timents rÃ©sidentiels - Chauffez vert","Entreprises (petites ou moyennes entreprises)"
1062.01,"1.6.2.1. Soutenir la conversion vers lâÃ©lectricitÃ© dans les bÃ¢timents rÃ©sidentiels - Chauffez vert","Citoyens"
1062.02,"1.6.2.2. Soutenir la conversion vers lâÃ©lectricitÃ© et d'autres Ã©nergies renouvelables dans les bÃ¢timents commerciaux et institutionnels - ÃcoPerformance (BÃ¢timents)","Entreprises (petites ou moyennes entreprises)"
1062.02,"1.6.2.2. Soutenir la conversion vers lâÃ©lectricitÃ© et d'autres Ã©nergies renouvelables dans les bÃ¢timents commerciaux et institutionnels - ÃcoPerformance (BÃ¢timents)","Milieu municipal"
1062.02,"1.6.2.2. Soutenir la conversion vers lâÃ©lectricitÃ© et d'autres Ã©nergies renouvelables dans les bÃ¢timents commerciaux et institutionnels - ÃcoPerformance (BÃ¢timents)","Organismes Ã  but non lucratif"
1062.02,"1.6.2.2. Soutenir la conversion vers lâÃ©lectricitÃ© et d'autres Ã©nergies renouvelables dans les bÃ¢timents commerciaux et institutionnels - ÃcoPerformance (BÃ¢timents)","Entreprises (grandes entreprises)"
1062.03,"1.6.2.3. Soutenir la conversion du gaz naturel vers l'Ã©lectricitÃ©, et la biÃ©nergie pour la gestion de la pointe","Citoyens"
1062.03,"1.6.2.3. Soutenir la conversion du gaz naturel vers l'Ã©lectricitÃ©, et la biÃ©nergie pour la gestion de la pointe","Entreprises (petites ou moyennes entreprises)"
1062.05,"1.6.2.5. RÃ©aliser des projets pour amÃ©liorer la gestion de la pointe Ã©lectrique","MinistÃ¨res et organismes gouvernementaux"
1063.02,"1.6.3.2. RÃ©cupÃ©rer les mousses isolantes des gros Ã©lectromÃ©nagers pour Ã©viter la libÃ©ration dâhalocarbures","GoRecycle"
1063.03,"1.6.3.3. Appuyer la conversion des systÃ¨mes dâhalocarbures vers des alternatives moins Ã©missives - ÃcoPerformance (Halocarbures)","Organismes Ã  but non lucratif"
1063.03,"1.6.3.3. Appuyer la conversion des systÃ¨mes dâhalocarbures vers des alternatives moins Ã©missives - ÃcoPerformance (Halocarbures)","Milieu municipal"
1063.03,"1.6.3.3. Appuyer la conversion des systÃ¨mes dâhalocarbures vers des alternatives moins Ã©missives - ÃcoPerformance (Halocarbures)","Entreprises (grandes entreprises)"
1063.03,"1.6.3.3. Appuyer la conversion des systÃ¨mes dâhalocarbures vers des alternatives moins Ã©missives - ÃcoPerformance (Halocarbures)","Entreprises (petites ou moyennes entreprises)"
1063.03,"1.6.3.3. Appuyer la conversion des systÃ¨mes dâhalocarbures vers des alternatives moins Ã©missives - ÃcoPerformance (Halocarbures)","Milieu de la recherche scientifique"
1071.01,"1.7.1.1. Moderniser les Ã©lÃ©ments du Code de construction et les autres normes et rÃ©glementations relatives Ã  lâÃ©nergie, aux matÃ©riaux et Ã  la rÃ©silience des bÃ¢timents neufs et existants","entrepreneurs"
1071.01,"1.7.1.1. Moderniser les Ã©lÃ©ments du Code de construction et les autres normes et rÃ©glementations relatives Ã  lâÃ©nergie, aux matÃ©riaux et Ã  la rÃ©silience des bÃ¢timents neufs et existants","constructeurs-propriÃ©taires"
1071.01,"1.7.1.1. Moderniser les Ã©lÃ©ments du Code de construction et les autres normes et rÃ©glementations relatives Ã  lâÃ©nergie, aux matÃ©riaux et Ã  la rÃ©silience des bÃ¢timents neufs et existants","propriÃ©taires et exploitants"
1071.01,"1.7.1.1. Moderniser les Ã©lÃ©ments du Code de construction et les autres normes et rÃ©glementations relatives Ã  lâÃ©nergie, aux matÃ©riaux et Ã  la rÃ©silience des bÃ¢timents neufs et existants","concepteurs"
1072.01,"1.7.2.1. Lever les barriÃ¨res Ã  l'utilisation du bois dans la construction","Organismes Ã  but non lucratif"
1072.01,"1.7.2.1. Lever les barriÃ¨res Ã  l'utilisation du bois dans la construction","Milieu de la recherche scientifique"
1072.02,"1.7.2.2. Soutenir des projets de dÃ©monstration dâutilisation du bois dans la construction multirÃ©sidentielle et commerciale - Programme d'intÃ©gration du matÃ©riau bois dans la construction","Entreprises (petites ou moyennes entreprises)"
1072.02,"1.7.2.2. Soutenir des projets de dÃ©monstration dâutilisation du bois dans la construction multirÃ©sidentielle et commerciale - Programme d'intÃ©gration du matÃ©riau bois dans la construction","Entreprises (grandes entreprises)"
1072.02,"1.7.2.2. Soutenir des projets de dÃ©monstration dâutilisation du bois dans la construction multirÃ©sidentielle et commerciale - Programme d'intÃ©gration du matÃ©riau bois dans la construction","Milieu municipal"
1072.02,"1.7.2.2. Soutenir des projets de dÃ©monstration dâutilisation du bois dans la construction multirÃ©sidentielle et commerciale - Programme d'intÃ©gration du matÃ©riau bois dans la construction","Organismes Ã  but non lucratif"
1081.01,"1.8.1.1a. Accompagner les entreprises bioalimentaires dans l'intÃ©gration des enjeux climatiques - Programme dâappui Ã  la lutte contre les changements climatiques dans le secteur bioalimentaire","Organismes Ã  but non lucratif"
1081.01,"1.8.1.1a. Accompagner les entreprises bioalimentaires dans l'intÃ©gration des enjeux climatiques - Programme dâappui Ã  la lutte contre les changements climatiques dans le secteur bioalimentaire","Entreprises (petites ou moyennes entreprises)"
1081.01,"1.8.1.1a. Accompagner les entreprises bioalimentaires dans l'intÃ©gration des enjeux climatiques - Programme dâappui Ã  la lutte contre les changements climatiques dans le secteur bioalimentaire","centre de diffusion d'information"
1081.01,"1.8.1.1a. Accompagner les entreprises bioalimentaires dans l'intÃ©gration des enjeux climatiques - Programme dâappui Ã  la lutte contre les changements climatiques dans le secteur bioalimentaire","Ã©tablissement d'enseignement"
1081.01,"1.8.1.1a. Accompagner les entreprises bioalimentaires dans l'intÃ©gration des enjeux climatiques - Programme dâappui Ã  la lutte contre les changements climatiques dans le secteur bioalimentaire","organisme privÃ©"
1081.0103,"1.8.1.1b. Accompagner les entreprises bioalimentaires dans l'intÃ©gration des enjeux climatiques - Secteur de la transformation alimentaire","Organismes Ã  but non lucratif"
1082.01,"1.8.2.1. DÃ©ployer des interventions structurÃ©es pour optimiser la fertilisation azotÃ©e dans les cultures","Entreprises (petites ou moyennes entreprises)"
1082.01,"1.8.2.1. DÃ©ployer des interventions structurÃ©es pour optimiser la fertilisation azotÃ©e dans les cultures","Organismes Ã  but non lucratif"
1082.01,"1.8.2.1. DÃ©ployer des interventions structurÃ©es pour optimiser la fertilisation azotÃ©e dans les cultures","Organisme privÃ©"
1082.01,"1.8.2.1. DÃ©ployer des interventions structurÃ©es pour optimiser la fertilisation azotÃ©e dans les cultures","Milieu de la recherche scientifique"
1083.01,"1.8.3.1. DÃ©velopper, opÃ©rationnaliser et Ã©largir les pratiques et les technologies qui rÃ©duisent les Ã©missions de mÃ©thane des Ã©levages","Milieu de la recherche scientifique"
1083.01,"1.8.3.1. DÃ©velopper, opÃ©rationnaliser et Ã©largir les pratiques et les technologies qui rÃ©duisent les Ã©missions de mÃ©thane des Ã©levages","Organismes Ã  but non lucratif"
1083.01,"1.8.3.1. DÃ©velopper, opÃ©rationnaliser et Ã©largir les pratiques et les technologies qui rÃ©duisent les Ã©missions de mÃ©thane des Ã©levages","Organisme privÃ©"
1083.01,"1.8.3.1. DÃ©velopper, opÃ©rationnaliser et Ã©largir les pratiques et les technologies qui rÃ©duisent les Ã©missions de mÃ©thane des Ã©levages","Entreprises (petites ou moyennes entreprises)"
1084.01,"1.8.4.1. Appuyer l'extension du rÃ©seau triphasÃ©","Entreprises (petites ou moyennes entreprises)"
1084.01,"1.8.4.1. Appuyer l'extension du rÃ©seau triphasÃ©","Citoyens"
1092.01,"1.9.2.1. Optimiser la gestion des matiÃ¨res organiques des industries, commerces et institutions","Industries, commerces et institutions (ICI)"
1092.02,"1.9.2.2. Valoriser la matiÃ¨re organique collectÃ©e en appuyant la construction d'installations de compostage et de biomÃ©thanisation","Milieu municipal"
1101.01,"1.10.1.1. Accompagner les communautÃ©s hors rÃ©seau dans la planification et la mise en Åuvre de projets dâÃ©nergie renouvelable","Entreprises (petites ou moyennes entreprises)"
1101.01,"1.10.1.1. Accompagner les communautÃ©s hors rÃ©seau dans la planification et la mise en Åuvre de projets dâÃ©nergie renouvelable","Milieu municipal"
1101.01,"1.10.1.1. Accompagner les communautÃ©s hors rÃ©seau dans la planification et la mise en Åuvre de projets dâÃ©nergie renouvelable","CommunautÃ©s autochtones"
1101.01,"1.10.1.1. Accompagner les communautÃ©s hors rÃ©seau dans la planification et la mise en Åuvre de projets dâÃ©nergie renouvelable","Milieu de la recherche scientifique"
1101.01,"1.10.1.1. Accompagner les communautÃ©s hors rÃ©seau dans la planification et la mise en Åuvre de projets dâÃ©nergie renouvelable","SociÃ©tÃ©s en commandites"
1101.01,"1.10.1.1. Accompagner les communautÃ©s hors rÃ©seau dans la planification et la mise en Åuvre de projets dâÃ©nergie renouvelable","Hydro-QuÃ©bec"
1101.01,"1.10.1.1. Accompagner les communautÃ©s hors rÃ©seau dans la planification et la mise en Åuvre de projets dâÃ©nergie renouvelable","Organismes Ã  but non lucratif"
1111.01,"1.11.1.1. Outiller le gouvernement et le monde municipal pour conserver les rÃ©servoirs de carbone prioritaires","Milieu de la recherche scientifique"
1111.01,"1.11.1.1. Outiller le gouvernement et le monde municipal pour conserver les rÃ©servoirs de carbone prioritaires","MinistÃ¨res et organismes gouvernementaux"
1111.01,"1.11.1.1. Outiller le gouvernement et le monde municipal pour conserver les rÃ©servoirs de carbone prioritaires","Milieu municipal"
1121.0101,"1.12.1.1. Boiser et reboiser en forÃªts publiques et privÃ©es pour attÃ©nuer les changements climatiques","MinistÃ¨res et organismes gouvernementaux"
1121.0101,"1.12.1.1. Boiser et reboiser en forÃªts publiques et privÃ©es pour attÃ©nuer les changements climatiques","Entreprises (petites ou moyennes entreprises)"
1121.0101,"1.12.1.1. Boiser et reboiser en forÃªts publiques et privÃ©es pour attÃ©nuer les changements climatiques","Milieu municipal"
1121.0101,"1.12.1.1. Boiser et reboiser en forÃªts publiques et privÃ©es pour attÃ©nuer les changements climatiques","Milieu de la recherche scientifique"
1121.02,"1.12.1.2. DÃ©velopper un outil permettant de faire un bilan climatique des stratÃ©gies dâamÃ©nagement forestier et des produits du bois en dÃ©coulant","MinistÃ¨res et organismes gouvernementaux"
1131.0101,"1.13.1.1a. Appuyer le dÃ©veloppement des connaissances sur le potentiel de contribution du secteur forestier et des milieux naturels Ã  lâattÃ©nuation des changements climatiques  - milieux humides","Milieu de la recherche scientifique"
1131.0105,"1.13.1.1b. Appuyer le dÃ©veloppement des connaissances sur le potentiel de contribution du secteur forestier et des milieux naturels Ã  lâattÃ©nuation des changements climatiques  - forÃªts","MinistÃ¨res et organismes gouvernementaux"
1131.0105,"1.13.1.1b. Appuyer le dÃ©veloppement des connaissances sur le potentiel de contribution du secteur forestier et des milieux naturels Ã  lâattÃ©nuation des changements climatiques  - forÃªts","Organismes Ã  but non lucratif"
1131.0105,"1.13.1.1b. Appuyer le dÃ©veloppement des connaissances sur le potentiel de contribution du secteur forestier et des milieux naturels Ã  lâattÃ©nuation des changements climatiques  - forÃªts","Milieu de la recherche scientifique"
1131.0105,"1.13.1.1b. Appuyer le dÃ©veloppement des connaissances sur le potentiel de contribution du secteur forestier et des milieux naturels Ã  lâattÃ©nuation des changements climatiques  - forÃªts","Entreprises (petites ou moyennes entreprises)"
2011.01,"2.1.1.1a. Favoriser le dÃ©veloppement de produits innovants dans lâindustrie des vÃ©hicules Ã©lectriques - Soutien stratÃ©gique Ã  des entreprises","Entreprises (petites ou moyennes entreprises)"
2011.01,"2.1.1.1a. Favoriser le dÃ©veloppement de produits innovants dans lâindustrie des vÃ©hicules Ã©lectriques - Soutien stratÃ©gique Ã  des entreprises","Entreprises (grandes entreprises)"
2011.0103,"2.1.1.1b. Favoriser le dÃ©veloppement de produits innovants dans l'industrie des vÃ©hicules Ã©lectriques -Â  Feuille de route vÃ©hicules Ã©lectriques","Organismes Ã  but non lucratif"
2011.0105,"2.1.1.1c. Favoriser le dÃ©veloppement de produits innovants dans l'industrie des vÃ©hicules Ã©lectriques - Projets mobilisateurs","Entreprises (petites ou moyennes entreprises)"
2011.0105,"2.1.1.1c. Favoriser le dÃ©veloppement de produits innovants dans l'industrie des vÃ©hicules Ã©lectriques - Projets mobilisateurs","Organismes Ã  but non lucratif"
2011.0105,"2.1.1.1c. Favoriser le dÃ©veloppement de produits innovants dans l'industrie des vÃ©hicules Ã©lectriques - Projets mobilisateurs","Entreprises (grandes entreprises)"
2011.02,"2.1.1.2a. Appuyer le dÃ©veloppement dâune filiÃ¨re de recyclage de batteries - Projets d'implantation","Entreprises (petites ou moyennes entreprises)"
2011.02,"2.1.1.2a. Appuyer le dÃ©veloppement dâune filiÃ¨re de recyclage de batteries - Projets d'implantation","Entreprises (grandes entreprises)"
2011.0203,"2.1.1.2b. Appuyer le dÃ©veloppement dâune filiÃ¨re de recyclage de batteries - Projets mobilisateurs en innovation","Organismes Ã  but non lucratif"
2011.0203,"2.1.1.2b. Appuyer le dÃ©veloppement dâune filiÃ¨re de recyclage de batteries - Projets mobilisateurs en innovation","Entreprises (petites ou moyennes entreprises)"
2011.0203,"2.1.1.2b. Appuyer le dÃ©veloppement dâune filiÃ¨re de recyclage de batteries - Projets mobilisateurs en innovation","Entreprises (grandes entreprises)"
2011.03,"2.1.1.3. Appuyer la rÃ©alisation de projets collaboratifs industrie-milieu de la recherche en Ã©lectrification des transports","Regroupement sectoriel de recherche industriel (RSRI) InnovÃÃ"
2011.03,"2.1.1.3. Appuyer la rÃ©alisation de projets collaboratifs industrie-milieu de la recherche en Ã©lectrification des transports","Organismes Ã  but non lucratif"
2011.0403,"2.1.1.4b.  DÃ©velopper des outils d'aide Ã  la dÃ©cision pour identifier les secteurs Ã  prioriser - StratÃ©gie H2 Vert & BioÃ©nergies","MinistÃ¨res et organismes gouvernementaux"
2011.0601,"2.1.1.6. Soutenir la production et la distribution de gaz naturel renouvelable","Entreprises (grandes entreprises)"
2011.0601,"2.1.1.6. Soutenir la production et la distribution de gaz naturel renouvelable","Entreprises (petites ou moyennes entreprises)"
2011.0601,"2.1.1.6. Soutenir la production et la distribution de gaz naturel renouvelable","Milieu municipal"
2011.0601,"2.1.1.6. Soutenir la production et la distribution de gaz naturel renouvelable","Organismes Ã  but non lucratif"
2011.0701,"2.1.1.7a. Soutenir l'innovation dans le domaine des bioÃ©nergies - Technoclimat (BioÃ©nergie)","Entreprises (grands Ã©metteurs)"
2011.0701,"2.1.1.7a. Soutenir l'innovation dans le domaine des bioÃ©nergies - Technoclimat (BioÃ©nergie)","Organismes Ã  but non lucratif"
2011.0701,"2.1.1.7a. Soutenir l'innovation dans le domaine des bioÃ©nergies - Technoclimat (BioÃ©nergie)","Entreprises (petites ou moyennes entreprises)"
2011.0701,"2.1.1.7a. Soutenir l'innovation dans le domaine des bioÃ©nergies - Technoclimat (BioÃ©nergie)","Entreprises (grandes entreprises)"
2011.0703,"2.1.1.7b. Soutenir l'innovation dans le domaine des bioÃ©nergies (StratÃ©gie H2 et bioÃ©nergies)","Milieu de la recherche scientifique"
2011.0703,"2.1.1.7b. Soutenir l'innovation dans le domaine des bioÃ©nergies (StratÃ©gie H2 et bioÃ©nergies)","Entreprises (petites ou moyennes entreprises)"
2011.0705,"2.1.1.7c. Soutenir l'innovation dans le domaine des bioÃ©nergies - Innovation - bioÃ©nergies- biomasse forestiÃ¨re rÃ©siduelle","Organismes Ã  but non lucratif"
2011.0705,"2.1.1.7c. Soutenir l'innovation dans le domaine des bioÃ©nergies - Innovation - bioÃ©nergies- biomasse forestiÃ¨re rÃ©siduelle","Milieu de la recherche scientifique"
2011.08,"2.1.1.8. Soutenir lâinnovation dans la filiÃ¨re de lâhydrogÃ¨ne vert - Technoclimat (HydrogÃ¨ne)","Entreprises (petites ou moyennes entreprises)"
2011.08,"2.1.1.8. Soutenir lâinnovation dans la filiÃ¨re de lâhydrogÃ¨ne vert - Technoclimat (HydrogÃ¨ne)","Entreprises (grandes entreprises)"
2011.08,"2.1.1.8. Soutenir lâinnovation dans la filiÃ¨re de lâhydrogÃ¨ne vert - Technoclimat (HydrogÃ¨ne)","Entreprises (grands Ã©metteurs)"
2011.08,"2.1.1.8. Soutenir lâinnovation dans la filiÃ¨re de lâhydrogÃ¨ne vert - Technoclimat (HydrogÃ¨ne)","Organismes Ã  but non lucratif"
2021.02,"2.2.1.2. Encourager les pratiques de tourisme climato-responsable","FAQDD"
2021.02,"2.2.1.2. Encourager les pratiques de tourisme climato-responsable","Organismes Ã  but non lucratif"
2021.03,"2.2.1.3. Favoriser l'adoption des pratiques de soutien financier durable","Organismes Ã  but non lucratif"
2031.01,"2.3.1.1a. Appuyer lâÃ©mergence de technologies de rÃ©duction d'Ã©missions de GES tout au long de la chaÃ®ne dâinnovation - Technoclimat","Entreprises (petites ou moyennes entreprises)"
2031.01,"2.3.1.1a. Appuyer lâÃ©mergence de technologies de rÃ©duction d'Ã©missions de GES tout au long de la chaÃ®ne dâinnovation - Technoclimat","Organismes Ã  but non lucratif"
2031.01,"2.3.1.1a. Appuyer lâÃ©mergence de technologies de rÃ©duction d'Ã©missions de GES tout au long de la chaÃ®ne dâinnovation - Technoclimat","Entreprises (grandes entreprises)"
2031.01,"2.3.1.1a. Appuyer lâÃ©mergence de technologies de rÃ©duction d'Ã©missions de GES tout au long de la chaÃ®ne dâinnovation - Technoclimat","Entreprises (grands Ã©metteurs)"
2031.0103,"2.3.1.1b.  Appuyer lâÃ©mergence de technologies de rÃ©duction d'Ã©missions de GES tout au long de la chaÃ®ne dâinnovation - Soutien aux entreprises en amorÃ§age Â - Cycle Momentum","Organismes Ã  but non lucratif"
2031.0105,"2.3.1.1c. Appuyer lâÃ©mergence de technologies de rÃ©duction d'Ã©missions de GES tout au long de la chaÃ®ne dâinnovation - Appui Ã  la commercialisation - C3E","Organismes Ã  but non lucratif"
2031.02,"2.3.1.2. Appuyer la rÃ©alisation de projets collaboratifs industrie-milieu de la recherche en rÃ©duction des Ã©missions de GES","Organismes Ã  but non lucratif"
2031.03,"2.3.1.3. Soutenir des projets qui favorisent les maillages entre lâinnovation sociale et l'innovation technologique","Milieu municipal"
2031.03,"2.3.1.3. Soutenir des projets qui favorisent les maillages entre lâinnovation sociale et l'innovation technologique","Organismes Ã  but non lucratif"
2031.03,"2.3.1.3. Soutenir des projets qui favorisent les maillages entre lâinnovation sociale et l'innovation technologique","Entreprises (grandes entreprises)"
2031.03,"2.3.1.3. Soutenir des projets qui favorisent les maillages entre lâinnovation sociale et l'innovation technologique","MinistÃ¨res et organismes"
2031.03,"2.3.1.3. Soutenir des projets qui favorisent les maillages entre lâinnovation sociale et l'innovation technologique","Entreprises (petites ou moyennes entreprises)"
2031.03,"2.3.1.3. Soutenir des projets qui favorisent les maillages entre lâinnovation sociale et l'innovation technologique","CommunautÃ©s autochtones"
2041.0201,"2.4.1.2a. IntÃ©grer Ã  la formation professionnelle,  technique, universitaire et continue les programmes et les connaissances  nÃ©cessaires Ã  la transition climatique - BRACE","Milieu de la recherche scientifique"
2041.0203,"2.4.1.2b. IntÃ©grer Ã  la formation professionnelle, technique, universitaire et continue les programmes et les connaissances  nÃ©cessaires Ã  la transition climatique - Milieu municipal","Organismes Ã  but non lucratif"
2041.0207,"2.4.1.2d. IntÃ©grer Ã  la formation professionnelle,  technique, universitaire et continue les programmes et les connaissances  nÃ©cessaires Ã  la transition climatique - Bois","Organismes Ã  but non lucratif"
2041.0207,"2.4.1.2d. IntÃ©grer Ã  la formation professionnelle,  technique, universitaire et continue les programmes et les connaissances  nÃ©cessaires Ã  la transition climatique - Bois","Milieu de la recherche scientifique"
2041.0209,"2.4.1.2e. IntÃ©grer Ã  la formation professionnelle,  technique, universitaire et continue les programmes et les connaissances  nÃ©cessaires Ã  la transition climatique - SantÃ©","MinistÃ¨res et organismes gouvernementaux"
2041.0209,"2.4.1.2e. IntÃ©grer Ã  la formation professionnelle,  technique, universitaire et continue les programmes et les connaissances  nÃ©cessaires Ã  la transition climatique - SantÃ©","Organismes Ã  but non lucratif"
2041.0209,"2.4.1.2e. IntÃ©grer Ã  la formation professionnelle,  technique, universitaire et continue les programmes et les connaissances  nÃ©cessaires Ã  la transition climatique - SantÃ©","Milieu de la recherche scientifique"
2041.0211,"2.4.1.2f. IntÃ©grer Ã  la formation professionnelle, technique, universitaire et continue les programmes et les connaissances nÃ©cessaires Ã  la transition climatique . Milieu financier","Organismes Ã  but non lucratif"
2041.0211,"2.4.1.2f. IntÃ©grer Ã  la formation professionnelle, technique, universitaire et continue les programmes et les connaissances nÃ©cessaires Ã  la transition climatique . Milieu financier","Entreprises (petites ou moyennes entreprises)"
2041.0211,"2.4.1.2f. IntÃ©grer Ã  la formation professionnelle, technique, universitaire et continue les programmes et les connaissances nÃ©cessaires Ã  la transition climatique . Milieu financier","Entreprises (grandes entreprises)"
3011.01,"3.1.1.1. Cartographier et diffuser les risques comme les Ã®lots de chaleur, les pollens allergÃ¨nes et les zoonoses","Milieu de la recherche scientifique"
3011.01,"3.1.1.1. Cartographier et diffuser les risques comme les Ã®lots de chaleur, les pollens allergÃ¨nes et les zoonoses","MinistÃ¨res et organismes gouvernementaux"
3011.01,"3.1.1.1. Cartographier et diffuser les risques comme les Ã®lots de chaleur, les pollens allergÃ¨nes et les zoonoses","Organismes Ã  but non lucratif"
3011.0201,"3.1.1.2a. Soutenir la rÃ©alisation d'analyses de risques  et de plans d'adaptation - municipalitÃ©s","Milieu municipal"
3011.0203,"3.1.1.2b. Soutenir la rÃ©alisation d'analyses de risques  et de plans d'adaptation -  santÃ©","MinistÃ¨res et organismes gouvernementaux"
3011.0205,"3.1.1.2c. Soutenir la rÃ©alisation d'analyses de risques  et de plans d'adaptation - Protection des sources d'eau potable","Milieu de la recherche scientifique"
3011.0301,"3.1.1.3a. Implanter des mesures dâadaptation comme  le verdissement - Programme de prÃ©vention et de rÃ©duction des risques liÃ©s aux changements climatiques par le verdissement","CommunautÃ©s autochtones"
3011.0301,"3.1.1.3a. Implanter des mesures dâadaptation comme  le verdissement - Programme de prÃ©vention et de rÃ©duction des risques liÃ©s aux changements climatiques par le verdissement","Milieu municipal"
3011.0305,"3.1.1.3c. Implanter des mesures dâadaptation comme le verdissement . Ãlaborer et implanter des mesures de lutte contre les pollensÂ allergÃ¨nes","Milieu municipal"
3011.0305,"3.1.1.3c. Implanter des mesures dâadaptation comme le verdissement . Ãlaborer et implanter des mesures de lutte contre les pollensÂ allergÃ¨nes","Milieu de la recherche scientifique"
3011.0305,"3.1.1.3c. Implanter des mesures dâadaptation comme le verdissement . Ãlaborer et implanter des mesures de lutte contre les pollensÂ allergÃ¨nes","Organismes Ã  but non lucratif"
3011.0307,"3.1.1.3d. Implanter des mesures dâadaptation comme  le verdissement - DÃ©ployer Ã  l'Ã©chelle du QuÃ©bec un systÃ¨me d'alertes tÃ©lÃ©phoniques automatisÃ© pour la chaleur, le smog et le pollen","Entreprises (petites ou moyennes entreprises)"
3011.0307,"3.1.1.3d. Implanter des mesures dâadaptation comme  le verdissement - DÃ©ployer Ã  l'Ã©chelle du QuÃ©bec un systÃ¨me d'alertes tÃ©lÃ©phoniques automatisÃ© pour la chaleur, le smog et le pollen","Organismes Ã  but non lucratif"
3012.01,"3.1.2.1. Contribuer Ã  cartographier les zones inondables en climat futur","Citoyens"
3012.01,"3.1.2.1. Contribuer Ã  cartographier les zones inondables en climat futur","Milieu de la recherche scientifique"
3012.01,"3.1.2.1. Contribuer Ã  cartographier les zones inondables en climat futur","MinistÃ¨res et organismes gouvernementaux"
3012.01,"3.1.2.1. Contribuer Ã  cartographier les zones inondables en climat futur","Milieu municipal"
3012.02,"3.1.2.2. Planifier et implanter des solutions dâadaptation face aux inondations","Milieu municipal"
3012.03,"3.1.2.3. AmÃ©liorer les outils dâadaptation et de projection de dÃ©bits des cours dâeau en climat actuel et futur","Milieu de la recherche scientifique"
3012.03,"3.1.2.3. AmÃ©liorer les outils dâadaptation et de projection de dÃ©bits des cours dâeau en climat actuel et futur","MinistÃ¨res et organismes gouvernementaux"
3013.01,"3.1.3.1. Cartographier et diffuser les risques d'Ã©rosion et de submersion cÃ´tiÃ¨res","Milieu de la recherche scientifique"
3013.0301,"3.1.3.3. Implanter des solutions d'adaptation pour lâÃ©rosion et la submersion cÃ´tiÃ¨res","Milieu municipal"
3013.04,"3.1.3.4. Implanter des solutions d'adaptation pour les glissements de terrain","Milieu municipal"
3021.0101,"3.2.1.1a. Ãvaluer les risques pour les infrastructures publiques et planifier leur adaptation - santÃ©","MinistÃ¨res et organismes gouvernementaux"
3021.0103,"3.2.1.1b. Ãvaluer les risques pour les infrastructures publiques et planifier leur adaptation - transport","MinistÃ¨res et organismes gouvernementaux"
3031.0101,"3.3.1.1a. Ãvaluer les impacts des changements climatiques sur les secteurs Ã©conomiques les plus vulnÃ©rables et les appuyer dans lâimplantation de solutions dâadaptation - Ãvaluer les impacts Ã©conomiques et autres mesures d'adaptation","MinistÃ¨res et organismes gouvernementaux"
3031.0105,"3.3.1.1c. Ãvaluer les impacts des changements climatiques sur les secteurs Ã©conomiques les plus vulnÃ©rables et les appuyer dans lâimplantation de solutions dâadaptation - Implantation de mesures d'adaptation: essais opÃ©rationnels de scÃ©narios sylvicoles a","MinistÃ¨res et organismes gouvernementaux"
3031.0105,"3.3.1.1c. Ãvaluer les impacts des changements climatiques sur les secteurs Ã©conomiques les plus vulnÃ©rables et les appuyer dans lâimplantation de solutions dâadaptation - Implantation de mesures d'adaptation: essais opÃ©rationnels de scÃ©narios sylvicoles a","Milieu de la recherche scientifique"
3031.0105,"3.3.1.1c. Ãvaluer les impacts des changements climatiques sur les secteurs Ã©conomiques les plus vulnÃ©rables et les appuyer dans lâimplantation de solutions dâadaptation - Implantation de mesures d'adaptation: essais opÃ©rationnels de scÃ©narios sylvicoles a","Entreprises (petites ou moyennes entreprises)"
3031.0105,"3.3.1.1c. Ãvaluer les impacts des changements climatiques sur les secteurs Ã©conomiques les plus vulnÃ©rables et les appuyer dans lâimplantation de solutions dâadaptation - Implantation de mesures d'adaptation: essais opÃ©rationnels de scÃ©narios sylvicoles a","CommunautÃ©s autochtones"
3031.0105,"3.3.1.1c. Ãvaluer les impacts des changements climatiques sur les secteurs Ã©conomiques les plus vulnÃ©rables et les appuyer dans lâimplantation de solutions dâadaptation - Implantation de mesures d'adaptation: essais opÃ©rationnels de scÃ©narios sylvicoles a","Entreprises (grandes entreprises)"
3031.0107,"3.3.1.1d. Ãvaluer les impacts des changements climatiques sur les secteurs Ã©conomiques les plus vulnÃ©rables et les appuyer dans lâimplantation de solutions dâadaptation - Implantation de mesures d'adaptation: secteur du tourisme","Organismes Ã  but non lucratif"
3031.0107,"3.3.1.1d. Ãvaluer les impacts des changements climatiques sur les secteurs Ã©conomiques les plus vulnÃ©rables et les appuyer dans lâimplantation de solutions dâadaptation - Implantation de mesures d'adaptation: secteur du tourisme","Ouranos"
3041.0101,"3.4.1.1a. DÃ©ployer un rÃ©seau de suivi de l'Ã©volution de la biodiversitÃ© dans un contexte de changements climatiques - RÃ©seau de suivi de la biodiversitÃ© - Environnement","Consultants"
3041.0101,"3.4.1.1a. DÃ©ployer un rÃ©seau de suivi de l'Ã©volution de la biodiversitÃ© dans un contexte de changements climatiques - RÃ©seau de suivi de la biodiversitÃ© - Environnement","Milieu de la recherche scientifique"
3041.0101,"3.4.1.1a. DÃ©ployer un rÃ©seau de suivi de l'Ã©volution de la biodiversitÃ© dans un contexte de changements climatiques - RÃ©seau de suivi de la biodiversitÃ© - Environnement","Organismes Ã  but non lucratif"
3041.0101,"3.4.1.1a. DÃ©ployer un rÃ©seau de suivi de l'Ã©volution de la biodiversitÃ© dans un contexte de changements climatiques - RÃ©seau de suivi de la biodiversitÃ© - Environnement","CommunautÃ©s autochtones"
3041.0101,"3.4.1.1a. DÃ©ployer un rÃ©seau de suivi de l'Ã©volution de la biodiversitÃ© dans un contexte de changements climatiques - RÃ©seau de suivi de la biodiversitÃ© - Environnement","MinistÃ¨res et organismes gouvernementaux"
3041.0101,"3.4.1.1a. DÃ©ployer un rÃ©seau de suivi de l'Ã©volution de la biodiversitÃ© dans un contexte de changements climatiques - RÃ©seau de suivi de la biodiversitÃ© - Environnement","Milieu municipal"
3041.0103,"3.4.1.1b. DÃ©ployer un rÃ©seau de suivi de l'Ã©volution de la biodiversitÃ© dans un contexte de changements climatiques - RÃ©seau de suivi de la biodiversitÃ© - Faune","Organismes Ã  but non lucratif"
3041.0103,"3.4.1.1b. DÃ©ployer un rÃ©seau de suivi de l'Ã©volution de la biodiversitÃ© dans un contexte de changements climatiques - RÃ©seau de suivi de la biodiversitÃ© - Faune","Milieu de la recherche scientifique"
3041.0103,"3.4.1.1b. DÃ©ployer un rÃ©seau de suivi de l'Ã©volution de la biodiversitÃ© dans un contexte de changements climatiques - RÃ©seau de suivi de la biodiversitÃ© - Faune","CommunautÃ©s autochtones"
3041.0103,"3.4.1.1b. DÃ©ployer un rÃ©seau de suivi de l'Ã©volution de la biodiversitÃ© dans un contexte de changements climatiques - RÃ©seau de suivi de la biodiversitÃ© - Faune","Consultants"
3041.0103,"3.4.1.1b. DÃ©ployer un rÃ©seau de suivi de l'Ã©volution de la biodiversitÃ© dans un contexte de changements climatiques - RÃ©seau de suivi de la biodiversitÃ© - Faune","Milieu municipal"
3041.0103,"3.4.1.1b. DÃ©ployer un rÃ©seau de suivi de l'Ã©volution de la biodiversitÃ© dans un contexte de changements climatiques - RÃ©seau de suivi de la biodiversitÃ© - Faune","MinistÃ¨res et organismes gouvernementaux"
3042.0101,"3.4.2.1a. Planifier des corridors Ã©cologiques Ã  des fins de conservation - Faune","Milieu de la recherche scientifique"
3042.0101,"3.4.2.1a. Planifier des corridors Ã©cologiques Ã  des fins de conservation - Faune","Organismes Ã  but non lucratif"
3042.0101,"3.4.2.1a. Planifier des corridors Ã©cologiques Ã  des fins de conservation - Faune","MinistÃ¨res et organismes gouvernementaux"
3042.0103,"3.4.2.1b. Planifier des corridors Ã©cologiques Ã  des fins de conservation - Environnement","MinistÃ¨res et organismes gouvernementaux"
3042.0103,"3.4.2.1b. Planifier des corridors Ã©cologiques Ã  des fins de conservation - Environnement","Milieu de la recherche scientifique"
3051.0101,"3.5.1.1a. Poursuivre lâacquisition de connaissances sur le dÃ©gel du pergÃ©lisol - suivi terrain","Milieu de la recherche scientifique"
3051.0103,"3.5.1.1b. Poursuivre lâacquisition de connaissances sur le dÃ©gel du pergÃ©lisol - Chaire de recherche en partenariat sur le pergÃ©lisol au Nunavik","Milieu de la recherche scientifique"
3051.0103,"3.5.1.1b. Poursuivre lâacquisition de connaissances sur le dÃ©gel du pergÃ©lisol - Chaire de recherche en partenariat sur le pergÃ©lisol au Nunavik","CommunautÃ©s autochtones"
3051.0103,"3.5.1.1b. Poursuivre lâacquisition de connaissances sur le dÃ©gel du pergÃ©lisol - Chaire de recherche en partenariat sur le pergÃ©lisol au Nunavik","Inuit"
3051.02,"3.5.1.2. Cartographier les risques dâÃ©rosion et de submersion sur les cÃ´tes du Nunavik et dâEeyou Istchee Baie-James, en climat futur","Milieu de la recherche scientifique"
3052.0303,"3.5.2.3b. Ãvaluer la vulnÃ©rabilitÃ© et planifier l'adaptation des infrastructures aux impacts des changements climatiques dans le Nord - Transport","MinistÃ¨res et organismes gouvernementaux"
3052.0303,"3.5.2.3b. Ãvaluer la vulnÃ©rabilitÃ© et planifier l'adaptation des infrastructures aux impacts des changements climatiques dans le Nord - Transport","Milieu de la recherche scientifique"
3052.0303,"3.5.2.3b. Ãvaluer la vulnÃ©rabilitÃ© et planifier l'adaptation des infrastructures aux impacts des changements climatiques dans le Nord - Transport","Entreprises (petites ou moyennes entreprises)"
3052.0303,"3.5.2.3b. Ãvaluer la vulnÃ©rabilitÃ© et planifier l'adaptation des infrastructures aux impacts des changements climatiques dans le Nord - Transport","Consultants et firmes en gÃ©nie nordique"
3052.0305,"3.5.2.3c. Ãvaluer la vulnÃ©rabilitÃ© et planifier l'adaptation des infrastructures aux impacts des changements climatiques dans le Nord - Habitation","MinistÃ¨res et organismes gouvernementaux"
3053.01,"3.5.3.1a. DÃ©velopper les connaissances sur les espÃ¨ces clÃ©s et Ã©mergentes pour la sÃ©curitÃ© alimentaire autochtone - SystÃ¨mes alimentaires autochtones locaux","MinistÃ¨res et organismes gouvernementaux"
3053.01,"3.5.3.1a. DÃ©velopper les connaissances sur les espÃ¨ces clÃ©s et Ã©mergentes pour la sÃ©curitÃ© alimentaire autochtone - SystÃ¨mes alimentaires autochtones locaux","Milieu de la recherche scientifique"
3053.0103,"3.5.3.1b. DÃ©velopper les connaissances sur les espÃ¨ces clÃ©s et Ã©mergentes pour la sÃ©curitÃ© alimentaire autochtone - Gestion durable des populations de poissons au Nunavik","Citoyens"
3053.0103,"3.5.3.1b. DÃ©velopper les connaissances sur les espÃ¨ces clÃ©s et Ã©mergentes pour la sÃ©curitÃ© alimentaire autochtone - Gestion durable des populations de poissons au Nunavik","CommunautÃ©s autochtones"
3053.0103,"3.5.3.1b. DÃ©velopper les connaissances sur les espÃ¨ces clÃ©s et Ã©mergentes pour la sÃ©curitÃ© alimentaire autochtone - Gestion durable des populations de poissons au Nunavik","MinistÃ¨res et organismes gouvernementaux"
3053.0103,"3.5.3.1b. DÃ©velopper les connaissances sur les espÃ¨ces clÃ©s et Ã©mergentes pour la sÃ©curitÃ© alimentaire autochtone - Gestion durable des populations de poissons au Nunavik","Milieu de la recherche scientifique"
3061.0101,"3.6.1.1a. Ãlaborer et mettre en Åuvre une programmation de recherche en adaptation - Environnement","Milieu de la recherche scientifique"
3061.0103,"3.6.1.1b. Ãlaborer et mettre en Åuvre une programmation de recherche en adaptation  - Foresterie","Milieu de la recherche scientifique"
3061.0103,"3.6.1.1b. Ãlaborer et mettre en Åuvre une programmation de recherche en adaptation  - Foresterie","MinistÃ¨res et organismes gouvernementaux"
4011.02,"4.1.1.2. Soutenir des projets de vitrine technologique gouvernementale pour des projets dâinnovation technologique et sociale en attÃ©nuation et en adaptation","MinistÃ¨res et organismes gouvernementaux"
4021.0101,"4.2.1.1a. DÃ©ployer une stratÃ©gie de mobilisation en changements climatiques - Mesurer le niveau dâengagement de la population et entretenir le dialogue avec les citoyens, les organisations et les communautÃ©s","Fondation en environnement et dÃ©veloppement durable"
4021.0101,"4.2.1.1a. DÃ©ployer une stratÃ©gie de mobilisation en changements climatiques - Mesurer le niveau dâengagement de la population et entretenir le dialogue avec les citoyens, les organisations et les communautÃ©s","Futur simple coopÃ©rative de solidaritÃ©"
4021.0103,"4.2.1.1b. DÃ©ployer une stratÃ©gie de mobilisation en changements climatiques - RÃ©aliser des campagnes de sensibilisation et dâÃ©ducation","Entreprises (petites ou moyennes entreprises)"
4021.0105,"4.2.1.1c. DÃ©ployer une stratÃ©gie de mobilisation en changements climatiques - Appuyer la mise en Åuvre dâinitiatives de sensibilisation et de mobilisation (Action-Climat)","Organismes Ã  but non lucratif"
4021.0105,"4.2.1.1c. DÃ©ployer une stratÃ©gie de mobilisation en changements climatiques - Appuyer la mise en Åuvre dâinitiatives de sensibilisation et de mobilisation (Action-Climat)","CoopÃ©ratives"
4021.0105,"4.2.1.1c. DÃ©ployer une stratÃ©gie de mobilisation en changements climatiques - Appuyer la mise en Åuvre dâinitiatives de sensibilisation et de mobilisation (Action-Climat)","Syndicats"
4021.0105,"4.2.1.1c. DÃ©ployer une stratÃ©gie de mobilisation en changements climatiques - Appuyer la mise en Åuvre dâinitiatives de sensibilisation et de mobilisation (Action-Climat)","Chambres de commerce"
4021.0107,"4.2.1.1d. DÃ©ployer une stratÃ©gie de mobilisation en changements climatiques - Appuyer la mise en Åuvre dâinitiatives de sensibilisation et de mobilisation - DÃ©clic","Organismes Ã  but non lucratif"
4021.0107,"4.2.1.1d. DÃ©ployer une stratÃ©gie de mobilisation en changements climatiques - Appuyer la mise en Åuvre dâinitiatives de sensibilisation et de mobilisation - DÃ©clic","Organismes du secteur culturel"
4021.0109,"4.2.1.1e. DÃ©ployer une stratÃ©gie de mobilisation en changements climatiques - ActivitÃ©s de sensibilisation en santÃ©","MinistÃ¨res et organismes gouvernementaux"
4021.0109,"4.2.1.1e. DÃ©ployer une stratÃ©gie de mobilisation en changements climatiques - ActivitÃ©s de sensibilisation en santÃ©","Organismes Ã  but non lucratif"
4021.0109,"4.2.1.1e. DÃ©ployer une stratÃ©gie de mobilisation en changements climatiques - ActivitÃ©s de sensibilisation en santÃ©","Milieu de la recherche scientifique"
4021.0109,"4.2.1.1e. DÃ©ployer une stratÃ©gie de mobilisation en changements climatiques - ActivitÃ©s de sensibilisation en santÃ©","Milieu municipal"
4021.0109,"4.2.1.1e. DÃ©ployer une stratÃ©gie de mobilisation en changements climatiques - ActivitÃ©s de sensibilisation en santÃ©","Citoyens"
4021.0111,"4.2.1.1f. DÃ©ployer une stratÃ©gie de mobilisation en changements climatiques - RÃ©aliser des campagnes de sensibilisation et de mobilisation sur la transition climatique","Organismes Ã  but non lucratif"
4021.02,"4.2.1.2a. AccÃ©lÃ©rer la transition climatique locale - Ãlaboration de plans climat par le monde municipal, accompagnement et partage d'expertise","Milieu municipal"
4021.0203,"4.2.1.2b. AccÃ©lÃ©rer la transition climatique locale - Planification et mise en oeuvre  de projets issus des plans climat","Milieu municipal"
4022.0101,"4.2.2.1a. Soutenir les PremiÃ¨res Nations et les Inuits pour agir en changements climatiques: Inuits, Cris, Naskapis et PremiÃ¨res Nations","CommunautÃ©s autochtones"
4022.0103,"4.2.2.1b. Soutenir les PremiÃ¨res Nations et les Inuits pour agir dans leur transition Ã©nergÃ©tique","Inuit, Cris, Naskapis"
4022.0103,"4.2.2.1b. Soutenir les PremiÃ¨res Nations et les Inuits pour agir dans leur transition Ã©nergÃ©tique","CommunautÃ©s autochtones"
4022.0103,"4.2.2.1b. Soutenir les PremiÃ¨res Nations et les Inuits pour agir dans leur transition Ã©nergÃ©tique","Organismes Ã  but non lucratif"
4022.0103,"4.2.2.1b. Soutenir les PremiÃ¨res Nations et les Inuits pour agir dans leur transition Ã©nergÃ©tique","Entreprises avec actionnaires autochtones"
4022.0103,"4.2.2.1b. Soutenir les PremiÃ¨res Nations et les Inuits pour agir dans leur transition Ã©nergÃ©tique","IDDPNQL (Pour les PremiÃ¨res Nations exceptÃ© les Cris et Naskapis)"
4023.01,"4.2.3.1. Renforcer et Ã©tendre les partenariats stratÃ©giques du QuÃ©bec en changements climatiques sur les scÃ¨nes canadienne et internationale","Citoyens"
4023.01,"4.2.3.1. Renforcer et Ã©tendre les partenariats stratÃ©giques du QuÃ©bec en changements climatiques sur les scÃ¨nes canadienne et internationale","Organismes Ã  but non lucratif"
4023.0201,"4.2.3.2a. Soutenir des initiatives quÃ©bÃ©coises et multilatÃ©rales de coopÃ©ration climatique internationale - Programme de coopÃ©ration climatique internationale (PCCI)","Entreprises (petites ou moyennes entreprises)"
4023.0201,"4.2.3.2a. Soutenir des initiatives quÃ©bÃ©coises et multilatÃ©rales de coopÃ©ration climatique internationale - Programme de coopÃ©ration climatique internationale (PCCI)","Organismes Ã  but non lucratif"
4023.0201,"4.2.3.2a. Soutenir des initiatives quÃ©bÃ©coises et multilatÃ©rales de coopÃ©ration climatique internationale - Programme de coopÃ©ration climatique internationale (PCCI)","Milieu de la recherche scientifique"
4023.0203,"4.2.3.2b. Soutenir des initiatives quÃ©bÃ©coises et multilatÃ©rales de coopÃ©ration climatique internationale - CoopÃ©ration climatique municipale","Entreprises (petites ou moyennes entreprises)"
4023.0203,"4.2.3.2b. Soutenir des initiatives quÃ©bÃ©coises et multilatÃ©rales de coopÃ©ration climatique internationale - CoopÃ©ration climatique municipale","Milieu municipal"
4023.0205,"4.2.3.2c. Soutenir des initiatives quÃ©bÃ©coises et multilatÃ©rales de coopÃ©ration climatique internationale - Initiative jeunesse de lutte contre les changements climatiques","L'Institut de la Francophonie pour le dÃ©veloppement durable (IFDD)"
4023.0205,"4.2.3.2c. Soutenir des initiatives quÃ©bÃ©coises et multilatÃ©rales de coopÃ©ration climatique internationale - Initiative jeunesse de lutte contre les changements climatiques","Les Offices jeunesses internationaux du QuÃ©bec (LOJIQ)"
4023.02051,"4.2.3.2d. Soutenir des initiatives quÃ©bÃ©coises et multilatÃ©rales de coopÃ©ration climatique internationale - Contribution Ã  des fonds et projets internationaux","Gouvernements nationaux des pays bÃ©nÃ©ficiaires"
4023.02051,"4.2.3.2d. Soutenir des initiatives quÃ©bÃ©coises et multilatÃ©rales de coopÃ©ration climatique internationale - Contribution Ã  des fonds et projets internationaux","CommunautÃ©s des pays oÃ» ces projets et programmes seront instaurÃ©s"
4032.02,"4.3.2.2. Ãtablir de nouveaux partenariats et renforcer les partenariats existants  sur les marchÃ©s du carbone","organisations et administrations internationales"
4032.02,"4.3.2.2. Ãtablir de nouveaux partenariats et renforcer les partenariats existants  sur les marchÃ©s du carbone","MinistÃ¨res et organismes gouvernementaux"
4032.02,"4.3.2.2. Ãtablir de nouveaux partenariats et renforcer les partenariats existants  sur les marchÃ©s du carbone","Citoyens"
5011.01,"5.1.1.1. Consolider la comptabilisation des stocks et des flux de carbone des milieux naturels et des produits du bois","MinistÃ¨res et organismes gouvernementaux"
5011.0201,"5.1.1.2a. Maintenir et consolider les rÃ©seaux de suivi du climat et des changements climatiques - Surveillance du climat","MinistÃ¨res et organismes gouvernementaux"
5011.0203,"5.1.1.2b. Maintenir et consolider les rÃ©seaux de suivi du climat et des changements climatiques - Maintien du rÃ©seau hydromÃ©trique","MinistÃ¨res et organismes gouvernementaux"
5012.0201,"5.1.2.2. AmÃ©liorer les modÃ¨les climatiques","Milieu de la recherche scientifique"
5021.01,"5.2.1.1. Renforcer lâexpertise et la capacitÃ© du Consortium sur la climatologie rÃ©gionale et l'adaptation aux changements climatiques (Ouranos)","Organismes Ã  but non lucratif"
5031.0101,"5.3.1.1. Ãvaluer les potentiels de rÃ©duction de GES de nouvelles interventions","Milieu de la recherche scientifique"
5031.0101,"5.3.1.1. Ãvaluer les potentiels de rÃ©duction de GES de nouvelles interventions","Organismes Ã  but non lucratif"
5041.02,"5.4.1.2. DÃ©velopper des indicateurs de transition climatique","MinistÃ¨res et organismes gouvernementaux"
5041.02,"5.4.1.2. DÃ©velopper des indicateurs de transition climatique","Milieu de la recherche scientifique"
